,ds_name,js_divergence
0,eye_movements,0.040789868842641824
1,bank-marketing,0.028675103200975993
2,house_16H,0.0602628399930075
3,credit,0.016068819461792123
4,california,0.026598770161812488
5,MagicTelescope,0.03964631041017211
6,electricity,0.0870529514094501
